1	Michael	4500	10	2019
2	Christopher	4501	20	2018
3	Jessica	4502	30	2022
4	Matthew	4503	10	2023
5	Ashley	4504	20	2019
6	Jennifer	4505	30	2018
7	Joshua	4506	10	2022
8	Amanda	4507	20	2023
9	Daniel	4508	30	2019
10	David	4509	10	2018
11	James	4510	20	2022
12	Robert	4511	30	2023
13	John	4512	10	2019
14	Joseph	4513	20	2018
15	Andrew	4514	30	2022
16	Ryan	4515	10	2023
17	Brandon	4516	20	2019
18	Jason	4517	30	2018
19	Justin	4518	10	2022
20	Sarah	4519	20	2023
21	William	4520	30	2019
22	Jonathan	4521	10	2018
23	Stephanie	4522	20	2022
24	Brian	4523	30	2023
25	Nicole	4524	10	2019
26	Nicholas	4525	20	2018
27	Anthony	4526	30	2022
28	Heather	4527	10	2023
29	Eric	4528	20	2019
30	Elizabeth	4529	30	2018
31	Adam	4530	10	2022
32	Megan	4531	20	2023
33	Melissa	4532	30	2019
34	Kevin	4533	10	2018
35	Steven	4534	20	2022
36	Thomas	4535	30	2023
37	Timothy	4536	10	2019
38	Christina	4537	20	2018
39	Kyle	4538	30	2022
40	Rachel	4539	10	2023
41	Laura	4540	20	2019
42	Lauren	4541	30	2018
43	Amber	4542	10	2022
44	Brittany	4543	20	2023
45	Danielle	4544	30	2019
46	Richard	4545	10	2018
47	Kimberly	4546	20	2022
48	Jeffrey	4547	30	2023
49	Amy	4548	10	2019
50	Crystal	4549	20	2018
51	Michelle	4550	30	2022
52	Tiffany	4551	10	2023
53	Jeremy	4552	20	2019
54	Benjamin	4553	30	2018
55	Mark	4554	10	2022
56	Emily	4555	20	2023
57	Aaron	4556	30	2019
58	Charles	4557	10	2018
59	Rebecca	4558	20	2022
60	Jacob	4559	30	2023
61	Stephen	4560	10	2019
62	Patrick	4561	20	2018
63	Sean	4562	30	2022
64	Erin	4563	10	2023
65	Zachary	4564	20	2019
66	Jamie	4565	30	2018
67	Kelly	4566	10	2022
68	Samantha	4567	20	2023
69	Nathan	4568	30	2019
70	Sara	4569	10	2018
71	Dustin	4570	20	2022
72	Paul	4571	30	2023
73	Angela	4572	10	2019
74	Tyler	4573	20	2018
75	Scott	4574	30	2022
76	Katherine	4575	10	2023
77	Andrea	4576	20	2019
78	Gregory	4577	30	2018
79	Erica	4578	10	2022
80	Mary	4579	20	2023
81	Travis	4580	30	2019
82	Lisa	4581	10	2018
83	Kenneth	4582	20	2022
84	Bryan	4583	30	2023
85	Lindsey	4584	10	2019
86	Kristen	4585	20	2018
87	Jose	4586	30	2022
88	Alexander	4587	10	2023
89	Jesse	4588	20	2019
90	Katie	4589	30	2018
91	Lindsay	4590	10	2022
92	Shannon	4591	20	2023
93	Vanessa	4592	30	2019
94	Courtney	4593	10	2018
95	Christine	4594	20	2022
96	Alicia	4595	30	2023
97	Cody	4596	10	2019
98	Allison	4597	20	2018
99	Bradley	4598	30	2022
100	Samuel	4599	10	2023
101	Shawn	4600	20	2019
102	April	4601	30	2018
103	Derek	4602	10	2022
104	Kathryn	4603	20	2023
105	Kristin	4604	30	2019
106	Chad	4605	10	2018
107	Jenna	4606	20	2022
108	Tara	4607	30	2023
109	Maria	4608	10	2019
110	Krystal	4609	20	2018
111	Jared	4610	30	2022
112	Anna	4611	10	2023
113	Edward	4612	20	2019
114	Julie	4613	30	2018
115	Peter	4614	10	2022
116	Holly	4615	20	2023
117	Marcus	4616	30	2019
118	Kristina	4617	10	2018
119	Natalie	4618	20	2022
120	Jordan	4619	30	2023
121	Victoria	4620	10	2019
122	Jacqueline	4621	20	2018
123	Corey	4622	30	2022
124	Keith	4623	10	2023
125	Monica	4624	20	2019
126	Juan	4625	30	2018
127	Donald	4626	10	2022
128	Cassandra	4627	20	2023
129	Meghan	4628	30	2019
130	Joel	4629	10	2018
131	Shane	4630	20	2022
132	Phillip	4631	30	2023
133	Patricia	4632	10	2019
134	Brett	4633	20	2018
135	Ronald	4634	30	2022
136	Catherine	4635	10	2023
137	George	4636	20	2019
138	Antonio	4637	30	2018
139	Cynthia	4638	10	2022
140	Stacy	4639	20	2023
141	Kathleen	4640	30	2019
142	Raymond	4641	10	2018
143	Carlos	4642	20	2022
144	Brandi	4643	30	2023
145	Douglas	4644	10	2019
146	Nathaniel	4645	20	2018
147	Ian	4646	30	2022
148	Craig	4647	10	2023
149	Brandy	4648	20	2019
150	Alex	4649	30	2018
151	Valerie	4650	10	2022
152	Veronica	4651	20	2023
153	Cory	4652	30	2019
154	Whitney	4653	10	2018
155	Gary	4654	20	2022
156	Derrick	4655	30	2023
157	Philip	4656	10	2019
158	Luis	4657	20	2018
159	Diana	4658	30	2022
160	Chelsea	4659	10	2023
161	Leslie	4660	20	2019
162	Caitlin	4661	30	2018
163	Leah	4662	10	2022
164	Natasha	4663	20	2023
165	Erika	4664	30	2019
166	Casey	4665	10	2018
167	Latoya	4666	20	2022
168	Erik	4667	30	2023
169	Dana	4668	10	2019
170	Victor	4669	20	2018
171	Brent	4670	30	2022
172	Dominique	4671	10	2023
173	Frank	4672	20	2019
174	Brittney	4673	30	2018
175	Evan	4674	10	2022
176	Gabriel	4675	20	2023
177	Julia	4676	30	2019
178	Candice	4677	10	2018
179	Karen	4678	20	2022
180	Melanie	4679	30	2023
181	Adrian	4680	10	2019
182	Stacey	4681	20	2018
183	Margaret	4682	30	2022
184	Sheena	4683	10	2023
185	Wesley	4684	20	2019
186	Vincent	4685	30	2018
187	Alexandra	4686	10	2022
188	Katrina	4687	20	2023
189	Bethany	4688	30	2019
190	Nichole	4689	10	2018
191	Larry	4690	20	2022
192	Jeffery	4691	30	2023
193	Curtis	4692	10	2019
194	Carrie	4693	20	2018
195	Todd	4694	30	2022
196	Blake	4695	10	2023
197	Christian	4696	20	2019
198	Randy	4697	30	2018
199	Dennis	4698	10	2022
200	Alison	4699	20	2023
201	Trevor	4700	30	2019
202	Seth	4701	10	2018
203	Kara	4702	20	2022
204	Joanna	4703	30	2023
205	Rachael	4704	10	2019
206	Luke	4705	20	2018
207	Felicia	4706	30	2022
208	Brooke	4707	10	2023
209	Austin	4708	20	2019
210	Candace	4709	30	2018
211	Jasmine	4710	10	2022
212	Jesus	4711	20	2023
213	Alan	4712	30	2019
214	Susan	4713	10	2018
215	Sandra	4714	20	2022
216	Tracy	4715	30	2023
217	Kayla	4716	10	2019
218	Nancy	4717	20	2018
219	Tina	4718	30	2022
220	Krystle	4719	10	2023
221	Russell	4720	20	2019
222	Jeremiah	4721	30	2018
223	Carl	4722	10	2022
224	Miguel	4723	20	2023
225	Tony	4724	30	2019
226	Alexis	4725	10	2018
227	Gina	4726	20	2022
228	Jillian	4727	30	2023
229	Pamela	4728	10	2019
230	Mitchell	4729	20	2018
231	Hannah	4730	30	2022
232	Renee	4731	10	2023
233	Denise	4732	20	2019
234	Molly	4733	30	2018
235	Jerry	4734	10	2022
236	Misty	4735	20	2023
237	Mario	4736	30	2019
238	Johnathan	4737	10	2018
239	Jaclyn	4738	20	2022
240	Brenda	4739	30	2023
241	Terry	4740	10	2019
242	Lacey	4741	20	2018
243	Shaun	4742	30	2022
244	Devin	4743	10	2023
245	Heidi	4744	20	2019
246	Troy	4745	30	2018
247	Lucas	4746	10	2022
248	Desiree	4747	20	2023
249	Jorge	4748	30	2019
250	Andre	4749	10	2018
251	Morgan	4750	20	2022
252	Drew	4751	30	2023
253	Sabrina	4752	10	2019
254	Miranda	4753	20	2018
255	Alyssa	4754	30	2022
256	Alisha	4755	10	2023
257	Teresa	4756	20	2019
258	Johnny	4757	30	2018
259	Meagan	4758	10	2022
260	Allen	4759	20	2023
261	Krista	4760	30	2019
262	Marc	4761	10	2018
263	Tabitha	4762	20	2022
264	Lance	4763	30	2023
265	Ricardo	4764	10	2019
266	Martin	4765	20	2018
267	Chase	4766	30	2022
268	Theresa	4767	10	2023
269	Melinda	4768	20	2019
270	Monique	4769	30	2018
271	Tanya	4770	10	2022
272	Linda	4771	20	2023
273	Kristopher	4772	30	2019
274	Bobby	4773	10	2018
275	Caleb	4774	20	2022
276	Ashlee	4775	30	2023
277	Kelli	4776	10	2019
278	Henry	4777	20	2018
279	Garrett	4778	30	2022
280	Mallory	4779	10	2023
281	Jill	4780	20	2019
282	Jonathon	4781	30	2018
283	Kristy	4782	10	2022
284	Anne	4783	20	2023
285	Francisco	4784	30	2019
286	Danny	4785	10	2018
287	Robin	4786	20	2022
288	Lee	4787	30	2023
289	Tamara	4788	10	2019
290	Manuel	4789	20	2018
291	Meredith	4790	30	2022
292	Colleen	4791	10	2023
293	Lawrence	4792	20	2019
294	Christy	4793	30	2018
295	Ricky	4794	10	2022
296	Randall	4795	20	2023
297	Marissa	4796	30	2019
298	Ross	4797	10	2018
299	Mathew	4798	20	2022
300	Jimmy	4799	30	2023
301	Abigail	4800	10	2019
302	Kendra	4801	20	2018
303	Carolyn	4802	30	2022
304	Billy	4803	10	2023
305	Deanna	4804	20	2019
306	Jenny	4805	30	2018
307	Jon	4806	10	2022
308	Albert	4807	20	2023
309	Taylor	4808	30	2019
310	Lori	4809	10	2018
311	Rebekah	4810	20	2022
312	Cameron	4811	30	2023
313	Ebony	4812	10	2019
314	Wendy	4813	20	2018
315	Angel	4814	30	2022
316	Micheal	4815	10	2023
317	Kristi	4816	20	2019
318	Caroline	4817	30	2018
319	Colin	4818	10	2022
320	Dawn	4819	20	2023
321	Kari	4820	30	2019
322	Clayton	4821	10	2018
323	Arthur	4822	20	2022
324	Roger	4823	30	2023
325	Roberto	4824	10	2019
326	Priscilla	4825	20	2018
327	Darren	4826	30	2022
328	Kelsey	4827	10	2023
329	Clinton	4828	20	2019
330	Walter	4829	30	2018
331	Louis	4830	10	2022
332	Barbara	4831	20	2023
333	Isaac	4832	30	2019
334	Cassie	4833	10	2018
335	Grant	4834	20	2022
336	Cristina	4835	30	2023
337	Tonya	4836	10	2019
338	Rodney	4837	20	2018
339	Bridget	4838	30	2022
340	Joe	4839	10	2023
341	Cindy	4840	20	2019
342	Oscar	4841	30	2018
343	Willie	4842	10	2022
344	Maurice	4843	20	2023
345	Jaime	4844	30	2019
346	Angelica	4845	10	2018
347	Sharon	4846	20	2022
348	Julian	4847	30	2023
349	Jack	4848	10	2019
350	Jay	4849	20	2018
351	Calvin	4850	30	2022
352	Marie	4851	10	2023
353	Hector	4852	20	2019
354	Kate	4853	30	2018
355	Adrienne	4854	10	2022
356	Tasha	4855	20	2023
357	Michele	4856	30	2019
358	Ana	4857	10	2018
359	Stefanie	4858	20	2022
360	Cara	4859	30	2023
361	Alejandro	4860	10	2019
362	Ruben	4861	20	2018
363	Gerald	4862	30	2022
364	Audrey	4863	10	2023
365	Kristine	4864	20	2019
366	Ann	4865	30	2018
367	Shana	4866	10	2022
368	Javier	4867	20	2023
369	Katelyn	4868	30	2019
370	Brianna	4869	10	2018
371	Bruce	4870	20	2022
372	Deborah	4871	30	2023
373	Claudia	4872	10	2019
374	Carla	4873	20	2018
375	Wayne	4874	30	2022
376	Roy	4875	10	2023
377	Virginia	4876	20	2019
378	Haley	4877	30	2018
379	Brendan	4878	10	2022
380	Janelle	4879	20	2023
381	Jacquelyn	4880	30	2019
382	Beth	4881	10	2018
383	Edwin	4882	20	2022
384	Dylan	4883	30	2023
385	Dominic	4884	10	2019
386	Latasha	4885	20	2018
387	Darrell	4886	30	2022
388	Geoffrey	4887	10	2023
389	Savannah	4888	20	2019
390	Reginald	4889	30	2018
391	Carly	4890	10	2022
392	Fernando	4891	20	2023
393	Ashleigh	4892	30	2019
394	Aimee	4893	10	2018
395	Regina	4894	20	2022
396	Mandy	4895	30	2023
397	Sergio	4896	10	2019
398	Rafael	4897	20	2018
399	Pedro	4898	30	2022
400	Janet	4899	10	2023
401	Kaitlin	4900	20	2019
402	Frederick	4901	30	2018
403	Cheryl	4902	10	2022
404	Autumn	4903	20	2023
405	Tyrone	4904	30	2019
406	Martha	4905	10	2018
407	Omar	4906	20	2022
408	Lydia	4907	30	2023
409	Jerome	4908	10	2019
410	Theodore	4909	20	2018
411	Abby	4910	30	2022
412	Neil	4911	10	2023
413	Shawna	4912	20	2019
414	Sierra	4913	30	2018
415	Nina	4914	10	2022
416	Tammy	4915	20	2023
417	Nikki	4916	30	2019
418	Terrance	4917	10	2018
419	Donna	4918	20	2022
420	Claire	4919	30	2023
421	Cole	4920	10	2019
422	Trisha	4921	20	2018
423	Bonnie	4922	30	2022
424	Diane	4923	10	2023
425	Summer	4924	20	2019
426	Carmen	4925	30	2018
427	Mayra	4926	10	2022
428	Jermaine	4927	20	2023
429	Eddie	4928	30	2019
430	Micah	4929	10	2018
431	Marvin	4930	20	2022
432	Levi	4931	30	2023
433	Emmanuel	4932	10	2019
434	Brad	4933	20	2018
435	Taryn	4934	30	2022
436	Toni	4935	10	2023
437	Jessie	4936	20	2019
438	Evelyn	4937	30	2018
439	Darryl	4938	10	2022
440	Ronnie	4939	20	2023
441	Joy	4940	30	2019
442	Adriana	4941	10	2018
443	Ruth	4942	20	2022
444	Mindy	4943	30	2023
445	Spencer	4944	10	2019
446	Noah	4945	20	2018
447	Raul	4946	30	2022
448	Suzanne	4947	10	2023
449	Sophia	4948	20	2019
450	Dale	4949	30	2018
451	Jodi	4950	10	2022
452	Christie	4951	20	2023
453	Raquel	4952	30	2019
454	Naomi	4953	10	2018
455	Kellie	4954	20	2022
456	Ernest	4955	30	2023
457	Jake	4956	10	2019
458	Grace	4957	20	2018
459	Tristan	4958	30	2022
460	Shanna	4959	10	2023
461	Hilary	4960	20	2019
462	Eduardo	4961	30	2018
463	Ivan	4962	10	2022
464	Hillary	4963	20	2023
465	Yolanda	4964	30	2019
466	Alberto	4965	10	2018
467	Andres	4966	20	2022
468	Olivia	4967	30	2023
469	Armando	4968	10	2019
470	Paula	4969	20	2018
471	Amelia	4970	30	2022
472	Sheila	4971	10	2023
473	Rosa	4972	20	2019
474	Robyn	4973	30	2018
475	Kurt	4974	10	2022
476	Dane	4975	20	2023
477	Glenn	4976	30	2019
478	Nicolas	4977	10	2018
479	Gloria	4978	20	2022
480	Eugene	4979	30	2023
481	Logan	4980	10	2019
482	Steve	4981	20	2018
483	Ramon	4982	30	2022
484	Bryce	4983	10	2023
485	Tommy	4984	20	2019
486	Preston	4985	30	2018
487	Keri	4986	10	2022
488	Devon	4987	20	2023
489	Alana	4988	30	2019
490	Marisa	4989	10	2018
491	Melody	4990	20	2022
492	Rose	4991	30	2023
493	Barry	4992	10	2019
494	Marco	4993	20	2018
495	Karl	4994	30	2022
496	Daisy	4995	10	2023
497	Leonard	4996	20	2019
498	Randi	4997	30	2018
499	Maggie	4998	10	2022
500	Charlotte	4999	20	2023
501	Emma	5000	30	2019
502	Terrence	5001	10	2018
503	Justine	5002	20	2022
504	Britney	5003	30	2023
505	Lacy	5004	10	2019
506	Jeanette	5005	20	2018
507	Francis	5006	30	2022
508	Tyson	5007	10	2023
509	Elise	5008	20	2019
510	Sylvia	5009	30	2018
511	Rachelle	5010	10	2022
512	Stanley	5011	20	2023
513	Debra	5012	30	2019
514	Brady	5013	10	2018
515	Charity	5014	20	2022
516	Hope	5015	30	2023
517	Melvin	5016	10	2019
518	Johanna	5017	20	2018
519	Karla	5018	30	2022
520	Jarrod	5019	10	2023
521	Charlene	5020	20	2019
522	Gabrielle	5021	30	2018
523	Cesar	5022	10	2022
524	Clifford	5023	20	2023
525	Byron	5024	30	2019
526	Terrell	5025	10	2018
527	Sonia	5026	20	2022
528	Julio	5027	30	2023
529	Stacie	5028	10	2019
530	Shelby	5029	20	2018
531	Shelly	5030	30	2022
532	Edgar	5031	10	2023
533	Roxanne	5032	20	2019
534	Dwayne	5033	30	2018
535	Kaitlyn	5034	10	2022
536	Kasey	5035	20	2023
537	Jocelyn	5036	30	2019
538	Alexandria	5037	10	2018
539	Harold	5038	20	2022
540	Esther	5039	30	2023
541	Kerri	5040	10	2019
542	Ellen	5041	20	2018
543	Abraham	5042	30	2022
544	Cedric	5043	10	2023
545	Carol	5044	20	2019
546	Katharine	5045	30	2018
547	Shauna	5046	10	2022
548	Frances	5047	20	2023
549	Antoine	5048	30	2019
550	Tabatha	5049	10	2018
551	Annie	5050	20	2022
552	Erick	5051	30	2023
553	Alissa	5052	10	2019
554	Sherry	5053	20	2018
555	Chelsey	5054	30	2022
556	Franklin	5055	10	2023
557	Branden	5056	20	2019
558	Helen	5057	30	2018
559	Traci	5058	10	2022
560	Lorenzo	5059	20	2023
561	Dean	5060	30	2019
562	Sonya	5061	10	2018
563	Briana	5062	20	2022
564	Angelina	5063	30	2023
565	Trista	5064	10	2019
566	Bianca	5065	20	2018
567	Leticia	5066	30	2022
568	Tia	5067	10	2023
569	Kristie	5068	20	2019
570	Stuart	5069	30	2018
571	Laurie	5070	10	2022
572	Harry	5071	20	2023
573	Leigh	5072	30	2019
574	Elisabeth	5073	10	2018
575	Alfredo	5074	20	2022
576	Aubrey	5075	30	2023
577	Ray	5076	10	2019
578	Arturo	5077	20	2018
579	Joey	5078	30	2022
580	Kelley	5079	10	2023
581	Max	5080	20	2019
582	Andy	5081	30	2018
583	Latisha	5082	10	2022
584	Johnathon	5083	20	2023
585	India	5084	30	2019
586	Eva	5085	10	2018
587	Ralph	5086	20	2022
588	Yvonne	5087	30	2023
589	Warren	5088	10	2019
590	Kirsten	5089	20	2018
591	Miriam	5090	30	2022
592	Kelvin	5091	10	2023
593	Lorena	5092	20	2019
594	Staci	5093	30	2018
595	Anita	5094	10	2022
596	Rene	5095	20	2023
597	Cortney	5096	30	2019
598	Orlando	5097	10	2018
599	Carissa	5098	20	2022
600	Jade	5099	30	2023
601	Camille	5100	10	2019
602	Leon	5101	20	2018
603	Paige	5102	30	2022
604	Marcos	5103	10	2023
605	Elena	5104	20	2019
606	Brianne	5105	30	2018
607	Dorothy	5106	10	2022
608	Marshall	5107	20	2023
609	Daryl	5108	30	2019
610	Colby	5109	10	2018
611	Terri	5110	20	2022
612	Gabriela	5111	30	2023
613	Brock	5112	10	2019
614	Gerardo	5113	20	2018
615	Jane	5114	30	2022
616	Nelson	5115	10	2023
617	Tamika	5116	20	2019
618	Alvin	5117	30	2018
619	Chasity	5118	10	2022
620	Trent	5119	20	2023
621	Jana	5120	30	2019
622	Enrique	5121	10	2018
623	Tracey	5122	20	2022
624	Antoinette	5123	30	2023
625	Jami	5124	10	2019
626	Earl	5125	20	2018
627	Gilbert	5126	30	2022
628	Damien	5127	10	2023
629	Janice	5128	20	2019
630	Christa	5129	30	2018
631	Tessa	5130	10	2022
632	Kirk	5131	20	2023
633	Yvette	5132	30	2019
634	Elijah	5133	10	2018
635	Howard	5134	20	2022
636	Elisa	5135	30	2023
637	Desmond	5136	10	2019
638	Clarence	5137	20	2018
639	Alfred	5138	30	2022
640	Darnell	5139	10	2023
641	Breanna	5140	20	2019
642	Kerry	5141	30	2018
643	Nickolas	5142	10	2022
644	Maureen	5143	20	2023
645	Karina	5144	30	2019
646	Roderick	5145	10	2018
647	Rochelle	5146	20	2022
648	Rhonda	5147	30	2023
649	Keisha	5148	10	2019
650	Irene	5149	20	2018
651	Ethan	5150	30	2022
652	Alice	5151	10	2023
653	Allyson	5152	20	2019
654	Hayley	5153	30	2018
655	Trenton	5154	10	2022
656	Beau	5155	20	2023
657	Elaine	5156	30	2019
658	Demetrius	5157	10	2018
659	Cecilia	5158	20	2022
660	Annette	5159	30	2023
661	Brandie	5160	10	2019
662	Katy	5161	20	2018
663	Tricia	5162	30	2022
664	Bernard	5163	10	2023
665	Wade	5164	20	2019
666	Chance	5165	30	2018
667	Bryant	5166	10	2022
668	Zachery	5167	20	2023
669	Clifton	5168	30	2019
670	Julianne	5169	10	2018
671	Angelo	5170	20	2022
672	Elyse	5171	30	2023
673	Lyndsey	5172	10	2019
674	Clarissa	5173	20	2018
675	Meaghan	5174	30	2022
676	Tanisha	5175	10	2023
677	Ernesto	5176	20	2019
678	Isaiah	5177	30	2018
679	Xavier	5178	10	2022
680	Clint	5179	20	2023
681	Jamal	5180	30	2019
682	Kathy	5181	10	2018
683	Salvador	5182	20	2022
684	Jena	5183	30	2023
685	Marisol	5184	10	2019
686	Darius	5185	20	2018
687	Guadalupe	5186	30	2022
688	Chris	5187	10	2023
689	Patrice	5188	20	2019
690	Jenifer	5189	30	2018
691	Lynn	5190	10	2022
692	Landon	5191	20	2023
693	Brenton	5192	30	2019
694	Sandy	5193	10	2018
695	Jasmin	5194	20	2022
696	Ariel	5195	30	2023
697	Sasha	5196	10	2019
698	Juanita	5197	20	2018
699	Israel	5198	30	2022
700	Ericka	5199	10	2023
701	Quentin	5200	20	2019
702	Jayme	5201	30	2018
703	Damon	5202	10	2022
704	Heath	5203	20	2023
705	Kira	5204	30	2019
706	Ruby	5205	10	2018
707	Rita	5206	20	2022
708	Tiara	5207	30	2023
709	Jackie	5208	10	2019
710	Jennie	5209	20	2018
711	Collin	5210	30	2022
712	Lakeisha	5211	10	2023
713	Kenny	5212	20	2019
714	Norman	5213	30	2018
715	Leanne	5214	10	2022
716	Hollie	5215	20	2023
717	Destiny	5216	30	2019
718	Shelley	5217	10	2018
719	Amie	5218	20	2022
720	Callie	5219	30	2023
721	Hunter	5220	10	2019
722	Duane	5221	20	2018
723	Sally	5222	30	2022
724	Serena	5223	10	2023
725	Lesley	5224	20	2019
726	Connie	5225	30	2018
727	Dallas	5226	10	2022
728	Simon	5227	20	2023
729	Neal	5228	30	2019
730	Laurel	5229	10	2018
731	Eileen	5230	20	2022
732	Lewis	5231	30	2023
733	Bobbie	5232	10	2019
734	Faith	5233	20	2018
735	Brittani	5234	30	2022
736	Shayla	5235	10	2023
737	Eli	5236	20	2019
738	Judith	5237	30	2018
739	Terence	5238	10	2022
740	Ciara	5239	20	2023
741	Charlie	5240	30	2019
742	Alyson	5241	10	2018
743	Vernon	5242	20	2022
744	Alma	5243	30	2023
745	Quinton	5244	10	2019
746	Nora	5245	20	2018
747	Lillian	5246	30	2022
748	Leroy	5247	10	2023
749	Joyce	5248	20	2019
750	Chrystal	5249	30	2018
751	Marquita	5250	10	2022
752	Lamar	5251	20	2023
753	Ashlie	5252	30	2019
754	Kent	5253	10	2018
755	Emanuel	5254	20	2022
756	Joanne	5255	30	2023
757	Gavin	5256	10	2019
758	Yesenia	5257	20	2018
759	Perry	5258	30	2022
760	Marilyn	5259	10	2023
761	Graham	5260	20	2019
762	Constance	5261	30	2018
763	Lena	5262	10	2022
764	Allan	5263	20	2023
765	Juliana	5264	30	2019
766	Jayson	5265	10	2018
767	Shari	5266	20	2022
768	Nadia	5267	30	2023
769	Tanner	5268	10	2019
770	Isabel	5269	20	2018
771	Becky	5270	30	2022
772	Rudy	5271	10	2023
773	Blair	5272	20	2019
774	Christen	5273	30	2018
775	Rosemary	5274	10	2022
776	Marlon	5275	20	2023
777	Glen	5276	30	2019
778	Genevieve	5277	10	2018
779	Damian	5278	20	2022
780	Michaela	5279	30	2023
781	Shayna	5280	10	2019
782	Marquis	5281	20	2018
783	Fredrick	5282	30	2022
784	Celeste	5283	10	2023
785	Bret	5284	20	2019
786	Betty	5285	30	2018
787	Kurtis	5286	10	2022
788	Rickey	5287	20	2023
789	Dwight	5288	30	2019
790	Rory	5289	10	2018
791	Mia	5290	20	2022
792	Josiah	5291	30	2023
793	Norma	5292	10	2019
794	Bridgette	5293	20	2018
795	Shirley	5294	30	2022
796	Sherri	5295	10	2023
797	Noelle	5296	20	2019
798	Chantel	5297	30	2018
799	Alisa	5298	10	2022
800	Zachariah	5299	20	2023
801	Jody	5300	30	2019
802	Christin	5301	10	2018
803	Julius	5302	20	2022
804	Gordon	5303	30	2023
805	Latonya	5304	10	2019
806	Lara	5305	20	2018
807	Lucy	5306	30	2022
808	Jarrett	5307	10	2023
809	Elisha	5308	20	2019
810	Deandre	5309	30	2018
811	Audra	5310	10	2022
812	Beverly	5311	20	2023
813	Felix	5312	30	2019
814	Alejandra	5313	10	2018
815	Nolan	5314	20	2022
816	Tiffani	5315	30	2023
817	Lonnie	5316	10	2019
818	Don	5317	20	2018
819	Darlene	5318	30	2022
820	Rodolfo	5319	10	2023
821	Terra	5320	20	2019
822	Sheri	5321	30	2018
823	Iris	5322	10	2022
824	Maxwell	5323	20	2023
825	Kendall	5324	30	2019
826	Ashly	5325	10	2018
827	Kendrick	5326	20	2022
828	Jean	5327	30	2023
829	Jarvis	5328	10	2019
830	Fred	5329	20	2018
831	Tierra	5330	30	2022
832	Abel	5331	10	2023
833	Pablo	5332	20	2019
834	Maribel	5333	30	2018
835	Donovan	5334	10	2022
836	Stephan	5335	20	2023
837	Judy	5336	30	2019
838	Elliott	5337	10	2018
839	Tyrell	5338	20	2022
840	Chanel	5339	30	2023
841	Miles	5340	10	2019
842	Fabian	5341	20	2018
843	Alfonso	5342	30	2022
844	Cierra	5343	10	2023
845	Mason	5344	20	2019
846	Larissa	5345	30	2018
847	Elliot	5346	10	2022
848	Brenna	5347	20	2023
849	Bradford	5348	30	2019
850	Kristal	5349	10	2018
851	Gustavo	5350	20	2022
852	Gretchen	5351	30	2023
853	Derick	5352	10	2019
854	Jarred	5353	20	2018
855	Pierre	5354	30	2022
856	Lloyd	5355	10	2023
857	Jolene	5356	20	2019
858	Marlene	5357	30	2018
859	Leo	5358	10	2022
860	Jamar	5359	20	2023
861	Dianna	5360	30	2019
862	Noel	5361	10	2018
863	Angie	5362	20	2022
864	Tatiana	5363	30	2023
865	Rick	5364		2019
866	Leann	5365		2018
867	Corinne	5366		2022
868	Sydney	5367		2023
869	Belinda	5368	10	2019
870	Lora	5369	20	2018
871	Mackenzie	5370	30	2022
872	Herbert	5371	10	2023
873	Guillermo	5372	20	2019
874	Tameka	5373	30	2018
875	Elias	5374	10	2022
876	Janine	5375	20	2023
877	Ben	5376	30	2019
878	Stefan	5377	10	2018
879	Josephine	5378	20	2022
880	Dominick	5379	30	2023
881	Jameson	5380	10	2019
882	Bobbi	5381	20	2018
883	Blanca	5382	30	2022
884	Josue	5383	10	2023
885	Esmeralda	5384	20	2019
886	Darin	5385	30	2018
887	Ashely	5386	10	2022
888	Clay	5387	20	2023
889	Cassidy	5388	30	2019
890	Roland	5389	10	2018
891	Ismael	5390	20	2022
892	Harrison	5391	30	2023
893	Lorraine	5392	10	2019
894	Owen	5393	20	2018
895	Daniela	5394	30	2022
896	Rocky	5395	10	2023
897	Marisela	5396	20	2019
898	Saul	5397	30	2018
899	Kory	5398	10	2022
900	Dexter	5399	20	2023
901	Chandra	5400	30	2019
902	Gwendolyn	5401	10	2018
903	Francesca	5402	20	2022
904	Alaina	5403	30	2023
905	Mandi	5404	10	2019
906	Fallon	5405	20	2018
907	Celia	5406	30	2022
908	Vivian	5407	10	2023
909	Rolando	5408	20	2019
910	Raven	5409	30	2018
911	Lionel	5410	10	2022
912	Carolina	5411	20	2023
913	Tania	5412	30	2019
914	Joann	5413	10	2018
915	Casandra	5414	20	2022
916	Betsy	5415	30	2023
917	Tracie	5416	10	2019
918	Dante	5417	20	2018
919	Trey	5418	30	2022
920	Margarita	5419	10	2023
921	Skyler	5420	20	2019
922	Sade	5421	30	2018
923	Lyndsay	5422	10	2022
924	Jacklyn	5423	20	2023
925	Marina	5424	30	2019
926	Rogelio	5425	10	2018
927	Racheal	5426	20	2022
928	Mollie	5427	30	2023
929	Liliana	5428	10	2019
930	Maegan	5429	20	2018
931	Felipe	5430	30	2022
932	Malcolm	5431	10	2023
933	Santana	5432	20	2019
934	Anastasia	5433	30	2018
935	Madeline	5434	10	2022
936	Breanne	5435	20	2023
937	Tiffanie	5436	30	2019
938	Dillon	5437	10	2018
939	Melisa	5438	20	2022
940	Darrin	5439	30	2023
941	Carlton	5440	10	2019
942	Cornelius	5441	20	2018
943	Precious	5442	30	2022
944	Ivy	5443	10	2023
945	Lea	5444	20	2019
946	Susana	5445	30	2018
947	Loren	5446	10	2022
948	Jeff	5447	20	2023
949	Chiquita	5448	30	2019
950	Teri	5449	10	2018
951	Tera	5450	20	2022
952	Caitlyn	5451	30	2023
953	Hailey	5452	10	2019
954	Donte	5453	20	2018
955	Oliver	5454	30	2022
956	Natalia	5455	10	2023
957	Cherie	5456	20	2019
958	Lakisha	5457	30	2018
959	Karissa	5458	10	2022
960	Jeannette	5459	20	2023
961	Ariana	5460	30	2019
962	Lucia	5461	10	2018
963	Jerrod	5462	20	2022
964	Kassandra	5463	30	2023
965	Guy	5464	10	2019
966	Milton	5465	20	2018
967	Micaela	5466	30	2022
968	Krystina	5467	10	2023
969	Esteban	5468	20	2019
970	Gilberto	5469	30	2018
971	Chelsie	5470	10	2022
972	Antwan	5471	20	2023
973	Cathy	5472	30	2019
974	Ty	5473	10	2018
975	Shante	5474	20	2022
976	Roman	5475	30	2023
977	Kylie	5476	10	2019
978	Mercedes	5477	20	2018
979	Dena	5478	30	2022
980	Christi	5479	10	2023
981	Latrice	5480	20	2019
982	Kellen	5481	30	2018
983	Freddie	5482	10	2022
984	Clara	5483	20	2023
985	Rosanna	5484	30	2019
986	Demarcus	5485	10	2018
987	Domonique	5486	20	2022
988	Alvaro	5487	30	2023
989	Shaina	5488	10	2019
990	Nathanael	5489	20	2018
991	Kacie	5490	30	2022
992	Jodie	5491	10	2023
993	Dusty	5492	20	2019
994	Sidney	5493	30	2018
995	Adrianne	5494	10	2022
996	Mike	5495	20	2023
997	Chloe	5496	30	2019
998	Alecia	5497	10	2018
999	Sam	5498	20	2022
1000	Rocio	5499	30	2023
1001	Kim	5500	10	2019
1002	Arlene	5501	20	2018
1003	Antonia	5502	30	2022
1004	Jamaal	5503	10	2023
1005	Shantel	5504	20	2019
1006	Deidre	5505	30	2018
1007	Salvatore	5506	10	2022
1008	Kimberley	5507	20	2023
1009	Gerard	5508	30	2019
1010	Gene	5509	10	2018
1011	Weston	5510	20	2022
1012	Diego	5511	30	2023
1013	Tasia	5512	10	2019
1014	Mariah	5513	20	2018
1015	Jimmie	5514	30	2022
1016	Zackary	5515	10	2023
1017	Hugo	5516	20	2019
1018	Leanna	5517	30	2018
1019	Lacie	5518	10	2022
1020	Donnie	5519	20	2023
1021	Aisha	5520	30	2019
1022	Marianne	5521	10	2018
1023	Lana	5522	20	2022
1024	Kyla	5523	30	2023
1025	Ginger	5524	10	2019
1026	Tiana	5525	20	2018
1027	Lashonda	5526	30	2022
1028	Dayna	5527	10	2023
1029	Marcia	5528	20	2019
1030	Luz	5529	30	2018
1031	Janna	5530	10	2022
1032	Riley	5531	20	2023
1033	Desirae	5532	30	2019
1034	Billie	5533	10	2018
1035	Zane	5534	20	2022
1036	Johnnie	5535	30	2023
1037	Greg	5536	10	2019
1038	Angelique	5537	20	2018
1039	Kali	5538	30	2022
1040	Silvia	5539	10	2023
1041	Asia	5540	20	2019
1042	Quincy	5541	30	2018
1043	Catrina	5542	10	2022
1044	Rusty	5543	20	2023
1045	Frankie	5544	30	2019
1046	Athena	5545	10	2018
1047	Randolph	5546	20	2022
1048	Sheldon	5547	30	2023
1049	Maricela	5548	10	2019
1050	Tomas	5549	20	2018
1051	Toby	5550	30	2022
1052	Nadine	5551	10	2023
1053	Keshia	5552	20	2019
1054	Tosha	5553	30	2018
1055	Maranda	5554	10	2022
1056	Lester	5555	20	2023
1057	Brendon	5556	30	2019
1058	Korey	5557	10	2018
1059	Lynette	5558	20	2022
1060	Joan	5559	30	2023
1061	Justina	5560	10	2019
1062	Moses	5561	20	2018
1063	Dominque	5562	30	2022
1064	Abbey	5563	10	2023
1065	Kristyn	5564	20	2019
1066	Dewayne	5565	30	2018
1067	Alonzo	5566	10	2022
1068	Laci	5567	20	2023
1069	Cori	5568	30	2019
1070	Debbie	5569	10	2018
1071	Zackery	5570	20	2022
1072	Parker	5571	30	2023
1073	Forrest	5572	10	2019
1074	Blaine	5573	20	2018
1075	Trina	5574	30	2022
1076	Herman	5575	10	2023
1077	Selena	5576	20	2019
1078	Myra	5577	30	2018
1079	Joni	5578	10	2022
1080	Bailey	5579	20	2023
1081	Julianna	5580	30	2019
1082	Edith	5581	10	2018
1083	Octavia	5582	20	2022
1084	Bryon	5583	30	2023
1085	Arielle	5584	10	2019
1086	Giovanni	5585	20	2018
1087	Jarod	5586	30	2022
1088	Floyd	5587	10	2023
1089	Sonja	5588	20	2019
1090	Kody	5589	30	2018
1091	Jamel	5590	10	2022
1092	Jeannie	5591	20	2023
1093	Elissa	5592	30	2019
1094	Leonardo	5593	10	2018
1095	Sadie	5594	20	2022
1096	Madison	5595	30	2023
1097	Kandice	5596	10	2019
1098	Janie	5597	20	2018
1099	Reid	5598	30	2022
1100	Alanna	5599	10	2023
1101	Linsey	5600	20	2019
1102	Moises	5601	30	2018
1103	Darcy	5602	10	2022
1104	Britni	5603	20	2023
1105	Beatrice	5604	30	2019
1106	Everett	5605	10	2018
1107	Corina	5606	20	2022
1108	Brooks	5607	30	2023
1109	Tori	5608	10	2019
1110	Ramiro	5609	20	2018
1111	Lamont	5610	30	2022
1112	Kenya	5611	10	2023
1113	Cheri	5612	20	2019
1114	Alec	5613	30	2018
1115	Roberta	5614	10	2022
1116	Jeanne	5615	20	2023
1117	Jackson	5616	30	2019
1118	Maritza	5617	10	2018
1119	Loretta	5618	20	2022
1120	Shameka	5619	30	2023
1121	Sebastian	5620	10	2019
1122	Ryne	5621	20	2018
1123	Scotty	5622	30	2022
1124	Emilie	5623	10	2023
1125	Ladonna	5624	20	2019
1126	Stewart	5625	30	2018
1127	Dina	5626	10	2022
1128	Clark	5627	20	2023
1129	Chadwick	5628	30	2019
1130	Araceli	5629	10	2018
1131	Ali	5630	20	2022
1132	Kareem	5631	30	2023
1133	Janette	5632	10	2019
1134	Savanna	5633	20	2018
1135	Reuben	5634	30	2022
1136	Nakia	5635	10	2023
1137	Martina	5636	20	2019
1138	Wilson	5637	30	2018
1139	Kristian	5638	10	2022
1140	Daphne	5639	20	2023
1141	Clyde	5640	30	2019
1142	Braden	5641	10	2018
1143	Sterling	5642	20	2022
1144	Cari	5643	30	2023
1145	Marsha	5644	10	2019
1146	Deidra	5645	20	2018
1147	Bridgett	5646	30	2022
1148	Rhiannon	5647	10	2023
1149	Kristofer	5648	20	2019
1150	Keenan	5649	30	2018
1151	Joelle	5650	10	2022
1152	Colt	5651	20	2023
1153	Celina	5652	30	2019
1154	Deana	5653	10	2018
1155	Penny	5654	20	2022
1156	Georgia	5655	30	2023
1157	Eleanor	5656	10	2019
1158	Shanika	5657	20	2018
1159	Daniella	5658	30	2022
1160	Bernadette	5659	10	2023
1161	Valarie	5660	20	2019
1162	Tarah	5661	30	2018
1163	Princess	5662	10	2022
1164	Noemi	5663	20	2023
1165	Maura	5664	30	2019
1166	Maryann	5665	10	2018
1167	Jonah	5666	20	2022
1168	Santiago	5667	30	2023
1169	Jamison	5668	10	2019
1170	Cecil	5669	20	2018
1171	Ted	5670	30	2022
1172	Selina	5671	10	2023
1173	Dan	5672	20	2019
1174	Reynaldo	5673	30	2018
1175	Myron	5674	10	2022
1176	Sofia	5675	20	2023
1177	Doris	5676	30	2019
1178	Deangelo	5677	10	2018
1179	Ashli	5678	20	2022
1180	Randal	5679	30	2023
1181	Noe	5680	10	2019
1182	Jess	5681	20	2018
1183	Holli	5682	30	2022
1184	Chester	5683	10	2023
1185	Rex	5684	20	2019
1186	Meghann	5685	30	2018
1187	Janell	5686	10	2022
1188	Garret	5687	20	2023
1189	Marjorie	5688	30	2019
1190	Avery	5689	10	2018
1191	Jazmin	5690	20	2022
1192	Christal	5691	30	2023
1193	Freddy	5692	10	2019
1194	Carson	5693	20	2018
1195	Raphael	5694	30	2022
1196	Quintin	5695	10	2023
1197	Lakesha	5696	20	2019
1198	Gladys	5697	30	2018
1199	Lizette	5698	10	2022
1200	Latosha	5699	20	2023
1201	Carina	5700	30	2022
